Word,Antonym Level 1,Antonym Level 2,Antonym Level 3,Antonym Level 4
a la carte ,,,,
aback,,,,
abandon,,harbour,,
abase,,,,exalt
abbey,,,,
abdicate,,,,
aberrant,,common,,customary
abet,,hinder,,
abhorrent,,,,innocuous
abject,,,,
abjure,,adhere,,
ablate,,,,
ablution,,,,
abnegate,,condiscate,,wrest
abode,,,,
abominate,,love,,
abridge,,elongate,,
abrogate,,,,
abrade,,,,
absent,present,,,
abstain,,,,
abstemious,,,,hedonistic
abstract,concrete,,,
abstruse,,straightforward,,lucid
abuse,,,,
abut,,,,
abysmal,,superficial,,
abyss,,,,
academia,,,,
accede,,dissent,,
accelerant,,,,
acclaim,,,,
acclivity,,decline,,
accolades ,,,,
accompany,,,,
accost,,,,
accountability,,,,
accurate,wrong,,,
acerbic,,,,
ache,comfort,,,
acolyte ,,leader,,
acquiesce,,dissent,,
acquire,lose,,,
acquit,incriminate,,,
acrimony,,softness,,
acumen,,,,
adamant,,yielding,,
adamantine,,compliant,,
adapt,,,,
addle,,,clearheaded,
adjourn,continue,,,
adjure,,,,
adjust,,,,
admit,deny,,,
ado,,,,
adorn,disfigure,blemish,,
admiration,,,,
admonish,,,,
adulation,,,,
adumbrate,,,,
advocate,opponent,adversary,,
aegis,,,,
affable,,,ill tempered,
affluent,destitute,impoverished,,impecunious
affectionate,,,,
afficionado,,,,
afoot,,,,
afraid,fearless,,,
aggrandize,,downsize,,
aghast,,fearless,,
agog,,,indifferent,
alibi,,,,
aggravate,,ease,mitigate,
alacrity,,,,
alienation,,,,
allay,,aggravate,,
allocate,,,,
allow,prohibit,,,
allure,,,repel,
alone,accompanied,,,
aloof,,,,
alter,fix,stablise,,
altercation,,,,
altruism,,,,
ambiguous,clear,,,
ambivalent,,,,
ambulant,,,,
ambush,,,,
ameliorate,worsen,,,
amenable,,,,
amiable,,,,
amok,,,,
amorphous,structured,,,
amputate,,,,
anachronistic,,,,
analogy,,,,
anathema,blessing,,,
anchor,,,,
anemic,,,,
animus,,,,
anoint,,,,
anguish,,,,
annals,,,,
annihilate,,,,
annotate,,,,
announce,,,,
annoy,,,,
anonymous,,,,
annul,,,,
anodyne,,,,
anoint,,,,
anonymous,,,,
answer,,,,
antagonism,,,,
antecede,,,,
anticlimax,,,,
antidote,,,,
antiquity,,,,
anxious,calm,,,
aplomb,discomposure,,,
apocalypse,,,,
apocryphal,,,,
apogee,,,,
apologise,,,,
apostate,loyalist,,,
appall,,,,
apparition,,,,
appease,infuriate,,,
appetite,,,,
appraisal,,,,
appreciate,dislike,,,abhor
appropriate,improper,,,
approximate,absolute,,,
appurtenant,main,,,
aprehend,,discharge,,
apropos,extraneous,,,
arbitrate,,,,
arcane,,,,
archaic,,,,
archetypal,,,,
ardent,,,,
arduous,effortless,,,
argument,,,,
Armageddon,,,,
array,,,,
arrest,,,,
arrive,leave,,,
arriviste,,,,
arrogate,,,,
articulate,speechless,,,
ascend,,,,
ascendancy,,,,
asinine,,,,
askance,,,,
assail,,,,
assidous,,inactive,,
assuage,,aggravate,,
assume,,,,
astonish,,,,
astride,,,,
astute,,,,
atrocious,,,,
attenuate,,appreciate,,
attune,,,,
audacious,,,,
augment,,,,
augur,,,,
austere,,lax,,clement
avant grade,,,,
babble,,,,
bacchanal,,,,
backtrack ,,,,
badger,,,,
baggage,,,,
bait,,,,
bailiwick,,,,
baleful,,,,
bamb,,,,
banausic,,,,
baneful,,benign,,anodyne
barbarian,civilised,,,
banal,,fresh,,
bare,,,,
barrage,,,,
basis,,,,
bathos,,,,
becoming,,inappropriate,,
bedevil,,,,
bedraggled,,dry,,
befall,,,,
befit,,,,
befog,,,,
befool,,,,
befuddle,,,,
beget,,,,
begin,end,,,
beget,,,,
behead,,,,
behemoth,,diminutive,,
behove,,,,
bejeweled,,,,
belie,,,,
belittle,,,,
bellicose,,,,
belligerent,,,,
bemoan ,rejoice,,,exult
benign,,pernicious,,
benefactor,,,,
beneficial,disadvantageous,,,
benevolent,,,,callous
benighted,,knowledgeable,,
benign,dangerous,,,
bequeath,,,,
bereaved,,,,
bereft,,,,
berserk,,,,
beseech,,,,
beset,,,,
besiege,,,,
besmirch,,cleanse,,
besotted,,,,
bestial,,,,
bestow,,,,
betray,,,,
betroth,,,,
bevy,,,,
bicker,,,,
biennial,,,,
bigot,,,,
bilk,,,,
billowing,,,,
billious,,,,
blame,,,,
blandish,,,,
blanket,,,,
blasé,,,,
blatant,,,,
bleak,,,,
blemish,,,,
blight,,,,
blinker,,,,
blithe,,,,
blitzkrieg,,,,
blockade,,,,
blossom,,,,
bludgeon,,,,
blunder,,,,
blurt,,,,
boast,,,,
bogus,,,,
boisterous,,,,
bolster,,,,
bombastic,,,,
boomerang,,,,
bona fide,,,,
boorish,,,,
bowdlerize,,,,
brazen,,,,
brace,,,,
breach,,,,
break,,,,
breed,,,,
brevity,,,,
brew,,,,
brickbat ,,,,
bridle,,,,
brief,,,,
brilliant,,,,
brim,,,,
broach,,,,
browbeat,,,,
brook,,,,
bruise,,,,
brusque,,,,
brutish,,,,
buckle,,,,
bucolic,,,,urban
build up,,,,
bulwark,,,,
bumbling,,,,
bungle,,,,
burlesque,,,,
burnish,,,,
burry,,exhume,,
bustling,,,,
byzantine,,,,
cabal,,,,
cadaver,,,,
cagey ,,,,
cajole,,,,
,,,,
,,,,
callous,,compassionate,,
calumny ,,,,
,,,,
camouflage,,,,
canard,,,,
candid,,,,
canoodle,,,,
cantankerous,,,,amiable
capitulate,,,,
canonize,,,,
capacious,,,,
caress,,,,
carpetbaggers,,,,
castigate,,,,
cataclysm,,,,
categorical,,,,
caudal,,,,
cauterise,,,,
cautious,unmindful,,,
cavalier,,,,
cavernous,,,,
cease,continue,,,
celebrate,,,,
celerity,,,,
cement ,,,,
certain,dubious,,,
cerulean,,,,
chafe,,,,
chagrin,,,,
chandelier,,,,
chaos,order,,,
charlatan,,,,
chasm,,,,
chastise,,,,
cheap,valuable,,,
chequered ,,,,
chicanery,,,,
chide,,,,
childish,,,,
chivalrous,,,,
chronological,,,,
churlish,,,,
churn,,,,
circuitous,,straightforward,,
circumambulate,,,,
circumvent,,,,
clairvoyance,,,,
clamour,,,,
climactic,,,,
cloistered,,,,
clout,,,,
coddle,,,,
coerce,,,,
cogent,,,,
cogitate,,,,
cognoscente,,,,amateur
collect,scatter,dissipate,,
colloquy,,,,
colloquial,,,,
collude,,,,
colossal,,,,infinitesimal
comely,,,,
,,,,
commence,conclude,terminate,,
commingle,,,,
commute,,,,
compartmentalisation ,,,,
comply,,,,
comprehensive,,,,
compunctious,,,,
conceit,,,,
conciliate,,,,
conciliatory,,,,
conclusive,indecisive,,,
concoct,,,,
concomitant,,,,
concupiscence,,,,
concur,,,,
condemn,,,,
condign,,,,undue
condone,,,,
conducive,,useless,,
contumely,,,,
confabulate,,,,
confidant,,,,
confine,,,,
confrontation,,,,
congenial,,,,
congeries,,,,
conjecture,,,,
connoisseur,,,,
consequential,,,,
conscientious,,,,
consist,,,,
construe,,,,
contaminate,purify,,,
contemporary,,,,
contend,,,,
contravention,,,,
controvert,,,,
contumacious ,,,,
conundrum,,,,
convivial,,,,
convoluted,,,,
copious,,,,
corpulent,,,,skinny
corroborate,,,,refute
coryphaeus,,,,
coterminous,,,,asynchronous
counterpoise,,,,
cower,,,,
arash,,,,
credit,,,,
credulity,,,,
criticise,,,,
cryptic,,clear,,
cue,,,,
culminate,,,,
cumbersome,handy,,,
cunning,,,,
,,,,
cursory,,,,
curtail,,,,
cynical,,,,
cynosure,,,,
dampen,,,,
daring,,,,
dastardly,,,,
daunting,,,,
dawdle,scurry,,,
debris,,,,
decadence,,,,
decimate,build,,,
decoy,,,,
,,,,
deaf,,,,
debacle,,,,
debilities,,,,
debt,,,,
defer,,,,
deficiency,abundance,,,
deft,clumsy,,,
decry,,,,extol
defend,,,,
deify,,,,
delectable,,,unpleasant,
delectation,,,,displeasure
deleterious,,,,
delinquent,,,,
delude,,,,
demeanour,,,,
demit,,,,
demure,,,,
denigrate,,,,
denude,,,,
derail,,,,
derange,,,,
derision,,,,
desiccate,,,,
destination,,,,
desultory,,,,systematic
desuetude,,,,
détente,,,,
deter,,,,
detract,,,,
diatribe,,,,
digress,,,,
dilapidated,,,,
dilatory,,,,meteoric
dilemma,,,,
dilettante,,,,professional
dilligently,idle,,,
diminish,magnify,,,
dire,,,,
disarming,,,,
discombobulate,,,,
discomfiture,,,,
discourse,,,,
discreet,conspicuous,,,
discursive,straightforward,,,
disdain,,,,
disentangle,,,,
dismantle,,,,
dismay,,,,
disobey,,,,
dispassionate,,,,
distant,,,,
distraction,,,,
dithyramb ,,,,
diverge,,,,
divert,,,,
divulge,conceal,,,
docile,,,,
dodge,,,,
dolorous,,,,
dolt,,,,
dominate,,,,
dormitory,,,,
dour,gentle,,,
dovetail,,,,
downright,,,,
drawl,,,,
drivel,,,,
drool,,,,
drubbing,,,,
drudgery,,,,
duality,,,,
dulcet,unpleasant,,,
dupe,,,,
duplicitous,,,,
dwelling,,,,
dwindle,amplify,,,
earmark,,,,
ebullient,,,,
eccentric,,,,
eclectic,homogeneous,,,
eclipse,,,,
edify,,,,
edifice,,,,
educate,,,,
efface ,,,,
effervesce,,,,
effete,mighty,,,
effloresce,,,,
egotist,,,,
egregious,,,,
egress,,,,
eidetic,,,,
eidolon,,,,
eke out,,,,
elegy,,,,
elevate,"abase, degrade, downgrade",,,
elixir,,,,
elope,,,,
eloquent,stammering,,,
elucidate,obscure,,,
elude,,,,
Elysian,,,,
emancipate,restrain,,,
embellish,,,,
emblematic,,,,
embolden,dishearten,,,
embrace,,,,
embroil,,,,
eminent,,,,
emollient,,,,
emphatic,,,,
empyrean,,,,
emulate,,,,
encapsulate,,,,
encroach,,,,
encumber,,,,
encumbrance,unload,,,
engage,,,,
enigma,,,,
ennui,,,,
ensconce,,,,
entourage,,,,
entreat ,,,,
evacuation,,,,
evangelical,,,,
endeavour,,,,
enervate,,stimulate,,invigorate
entail,,,,
entwine,,,,
envision,,,,
epitome,,,,
equanimity ,,,,
eradicate,,,,
erosion,buildup,,,
err,,,,
ersatz,,,,
erudite,ignorant,,,
eschew,,,,
esoteric,open,,,
espouse,,,,
establish,,,,
estrange,,,,
eternity,transience,,,
euphonious,,,,
euphoria,depression,,,
evanescent,immortal,,,
evince,,,,
exacerbate,,,,assuage
exacting,,,,
exaggerate,,,,
exasperate,,,,
excogitate,,,,
exculpate,,,,
excuse,,,,
exemplary,ordinary,,,
exhausted,,,,
exhilarate,,,,
exigency,,,,
exiguous,,ample,,copious
expatiate,,,,
expertise,inexperience,,,
expiate,,,,
expound,,obscure,,
expulsion,,,,
extemporaneous,premeditated,,,
exterminate,,,,
exult,,,,
façade,rear,,,
facetious,,,,
fact,,,,
factitious,,genuine,,
falter,,,,
famished,,satiated,,
fastidious,,,,
fathom,,,,
fatuous,,,,prudent
favourite,,,,
fawn,,,,
feasible,,,,
fecund,,,,barren
feeble,,,,
felicity,,,,
felonious,,lawful,,
fervent,,impassive,,
fetter,freedom,,,
feverish,placid,,,
fiasco,,,,
fiat,,,,
fickle,certain,,,
fierce,,,,
fiery,,,,
firmament,,,,
flabbergast,,,,
flaccid,rigid,,,
flamboyant,,,,
flatulent,,,,
fledgling,,,,
flee,,,,
fleece,,,,
flimsy,,,,
flippant,,,,
float,sink,,,
flog,,,,
florid,plain,,,
flourish,,,,
flummox,,,,
flunk,,,,
flurry,,,,
fluster,,,,
flutter,slump,,,
fogey,,,,
folly,,,,
foment,,,,
foothold,,,,
foreground,,,,
forelorn,,,,
forerunner,,,,
forte,,,,
fortuitous,hapless,,,
fortune,,,,
fountainhead,,,,
fraud,,,,
fret,,,,
freefall,,,,
friend,,,,
fringe,,,,
froward,,,,
frown,,,,
fudge,,,,
fugacious,,,,
fugitive,,,,
fuliginous,,,,
fulsome,,,,
fumigate,,,,
fulminate,,,,
funeral,,,,
furore,,,,
furtive,,,,
fusillade,,,,
gaffe,,,,
gaiety,,,,
gainsay,admit,,,
gall,,,,
gallop,,,,
galore,scant,,,
galvanise,,,,
gambit,,,,
gamble,,,,
garrison,,,,
garrulous,taciturn,,,
gauche,,,,
gaudy,,,,
gauge,,,,
gaunt,,,,
genesis,,,,
gist,,,,
glance,stare,gaze,,
glean,,,,
goad,,,,
gossamer,sturdy,,,
germane,extraneous,,,
gerrymander,,,,
gibberish,,,,
ghost,,,,
,,,,
glee,,,,
glimmer,,,,
glimpse,,,,
glow,,,,
glutton,,,,
gnaw,,,,
gormandise,,,,
gospel,,,,
grandiose,,,,
grapple,,,,
grassroot,,,,
gravitas,,,,
gravitate,,,,
gregarious,,,,
grimace,,,,
grin,,,,
grit,,,,
grotesque,,,,
grouse,,,,
grovel,,,,
grub,,,,
gyrate,,,,
hackneyed,,,,
haggle,,,,
halcyon,agitated,,,
hamper,assist,,,
haphazard,systematic,,,
hapless,fortunate,,,
happening,lifeless,,,
harangue,,,,
harbinger,,,,
harness,,,,
harmful,,,,
hasten,retard,,,
haughty,,,,
haunt,,,,
haywire,,,,
,,,,
headstrong,,,,
headway,regression,,,
heady,depressed,,,
headwinds,,,,
hear,,,,
hearth,,,,
heckle,,,,
hedonist,,,,
hegira,,,,
helm,,,,
herald,,,,
heresy,orthodoxy,,,
hermetic,,,,
hesitate,,,,
heydays,,,,
hiatus,continuity,,,
hideous,,,,
hitch,,,,
hitherto,,,,
hobnob,shun,,,
holistic,,,,
honcho,,,,
hoodwink,,,,
hospice,,,,
hospitality,,,,
hostage,,,,
hostile,,,,
hound,,,,
hubris,,,,
huddle,,,,
humdrum,riveting,,,
hummer,,,,
humongous,,,,
hunch,,,,
husky,,,,
hyperbole,,,,
hyphenate,,,,
iconoclast,conformist,,,
idiosyncratic,,,,
idiocy,,,,
idle,operative,,,
idyllic,,,,
ignoble,patrician,,,
ignominous,honourable,,,
ignoramous,,,,
ilk,,,,
illicit,lawful,,,
illusory,,,,
illustrious,,,,
imbecility,sagacity,,,
imbibe,,,,
imbroglio,,,,
imbue,,,,
immaculate,,,,
immersive,,,,
imminent,,,,
immure,liberate,,,
immutable,,,,
impecunious,opulent,,,
impediment,catalyst,,,
impel,,,,
imitate,originate,,,
implacable,,,,
implode,,,,
impoundment ,,,,
impetuous,,,,
implore,,,,
importune ,,,,
imposing,,,,
impregnable,,,,
impressionable,,,,
impudence,courtesy,,,
impugn,,,,
impulsive,,,,
impunity,,,,
impute,,,,
inane,meaningful,,,
inadvertent,premeditated,,,
inaugural,terminal,,,
incapacitate,invigorate,,,
incarceration,liberation,,,
inception,conclusion,,,
incessant,discontinuous,,,
incidental,,,,
incipient,,,,
inclement,,,,
incurious,,,,
indubitably,,,,
ineptitude,,,,
iniquitous,righteous,,,
incremental,"sudden, abrupt",,,
incoherence,,,,
incongruous,concordant,,,
inconsequential ,important,,,
incorrigible,curable,,,
incredulous,,,,
incumbent,,,,
indolent ,industrious,,,
indecorous,,,,
indent,,,,
indifference,,,,
indigent,,,,
indigenous,,,,
indignant,,,,
indomitable,,,,
indurate,merciful,,,
industrious,,,,
inebriated,,,,
ineffable,,,,
ineffectual ,,,,
inevitable,,,,
inexorable,,,,
inextricable,,,,
inference,,,,
infernal,,,,
inflict,,,,
infraction,observance,,,
infructuous,,,,
ingratiate,,,,
inimical,,,,
injunction,,,,
inkling,,,,
innocuous,injurious,,,
innuendo,,,,
inoculate,,,,
insanity,,,,
insouciant,,,,
insinuate,,,,
insipid,,,,
insist,,,,
insistent,,,,
inspire,,,,
insubordination,,,,
insult,,,,
insurrection,,,,
intend,,,,
intensive,,,,
intercept,,,,
intermission,,,,
intermittent,,,,
internment,,,,
internecine,,,,
interplay,,,,
interstice,,,,
Interregnum,,,,
interval,,,,
intimate,,,,
intransigence,,,,
intrepid,chickenhearted,,,
intrigue,,,,
invalidate,,,,
invective,,,,
inveterate,,,,
invidious,,,,
invoke,,,,
irascible,,,,
irate,,,,
irk,,,,
irksome,,,,
irradiate,,,,
irritate,,,,
irritant,,,,
irrigation,,,,
itinerant,,,,
jade,enthrall,,,
jejune,,,,
jettison,,,,
jiffy,lifetime,,,
jinx,,,,
jittery,,,,
jocular,,,,
jocund,,,,
jolt,,,,
jovial,,,,
juggernaut,,,,
juncture,,,,
junk,,,,
kerflooey,,,,
kosher,,,,
kowtow,,,,
labuor,,,,
labyrinth,,,,
laceration,,,,
lachrymose,,,,
laconic,,,,
lackadaisical,energetic,,,
lacklustre,,,,
lacunae,,,,
laggard,,scurrying,,scootting
lament,exult,,,
languid ,,,,
languish,convalesce,,,
largesse,,,,
lascivious,,,,
latent,,,,
latitude,,,,
,,,,
lazy,,,,
leapfrog,,,,
legions,,,,
leitmotif,,,,
lenitive,,,,
levitate,,,,
levity,,,,
lewd,,,,
liasion,,,,
libertine,,,,
licentious,,,,
lifeblood,,,,
liken,,,,
liquidate,,,,
lithe,,,,
lofty,low,,,
loquacious,,,,
louche,,,,
lousy,,,,
lucid,,,,
lucrative,,,,
ludicrous,,,,
lugubrious,,,,cheerful
lure,,,,
lurk,,,,
luscious,,,,distasteful
luxuriant,,,,
machinate,,,,
maelstrom,,,,
magnanimous,,,,
malapropos,,,,
maneuver,,,,
maiden,,,,
malady,,,,
malaise,,,,
malice,,,,
malinger,,,,
manacle,,,,
manifestation,,,,
manifold,,,,
manoeuvre,,,,
manse,,,,
manumit,enchain,,,
maraud,,,,
maroon,,,,
martinent,,,,
masquerade,,,,
materialism,,,,
maudlin,unsentimental,,,
maul,,,,
mayhem,,,,
meander,,,,
meddle,,,,
mediate,,,,
meek,haughty,,,
melancholy,"blissfulness, ecstacy, elatedness",,,
melee,,,,
mellifluous,,,,
mellow,,,,
meltdown,,,,
memoir,,,,
memento,,,,
menacing,,,,
menagerie,,,,
mendacious,"honest, truthful",,,
mercurial,,,,
metamorphosis,,,,
meteoric,,,,
meticulous,careless,,,
mingle,,,,
miraculous,,,,
mirage,,,,
mirth,,,,
misnadry,,,,
misanthrope,,,,
mischief,,,,
miscreant,,,,
misogyny,,,,
misplaced,,,,
mitigate,,,,
modicum,,,,
mollycoddle,mistreat,,,
momentous,,,,
monitor,,,,
monotonous,,,,
monstrous,,,,
monumental,,,,
moribund,,,,
morph,,,,
mortal,,,,
mull,,,,
multitude,,,,
mundane,,,,
muster,,,,
myriad,,,,
nab,,,,
nadir,pinnacle,,,
naïve,,,,
nasty,,,,
nefarious ,,,,
nevertheless,,,,
nitpicking,,,,
nosedive,,,,
nostalgia,,,,
,,,,
nudge,,,,
obfuscate,illuminate,,,
obliterate,,,,
obstacle,,,,
obstreperous,,,,
obverse,,,,
occasion,,,,
occult,bare,,,
occupy,,,,
odds,,,,
odious,,,,innocuous
oleaginous,,,,
onerous,,,,
onus,,,,
opportune,,,,
opprobrium,,,,
,,,,
oracle,,,,
orchestrate,,,,
ordain,,,,
orison,,,,
osculate,,,,
ostentatious,,,,
ostracise,,,,
ouster,,,,
outgrowth,,,,
outrage,,,,
overbearing,,,,
overdrive,,,,
overdue,,,,
overheard,,,,
overlay,,,,
overture,,,,
overwhelm,,,,
pachydermatous,,,,
painstaking,careless,,,
pale,bright,,,
palliative,,,,
pandemonium,,,,
panorama,,,,
paradigm,,,,
paradox,,,,
paragon,,,,
paraphernalia,,,,
parley,,,,
parochial,,,,
parsimonious,,,,
partake,,,,
parvenu,,,,
patois,,,,
paucity,abundance,,,
pauper,,,,
peccadillo,,,,
peer,,,,
peevish,,,,
pejorative,,,,
pelt,,,,
penchant,,,,
pensive,,,,
,,,,
perch,,,,
peregrination ,,,,
perfunctory,interested,,,
peril,,,,
peripheral,main,,,
perjury,,,,
permit,,,,
pernicious,,,,
persnickety,,,,
perspicacity,,,,
perspicuous,,,,
pertinacious,,,,
perturb ,calm,,,
pervasive,,,,
pester,,,,
persuade,dissuade,,,
petrify,,,,
petulant,,,,
phantasmagoria,,,,
philistine,,,,
phlegmatic ,impassioned,,,
pidgin,,,,
piecemeal,sudden,,,
piggyback,,,,
pillage,,,,
pioneer,,,,
piquant,zestless,,,
pitfall,,,,
pithy,,,,
pivotal,,,,
placid,,,,
placate,,,,
plaint,,,,
platitude,,,,
plausible,,,,
plenitude,,,,
plentiful,,,,
plethora,,,,
pliable,rigid,,,
plummet,soar,,,
plunder,,,,
pococurante,,,,
poignant,,,,
ponder,,,,
possible,,,,
posterity,,,,
pound,,,,
pragmatic,,,,
praise,damn,,,
precedent,,,,
precept,,,,
precipitate,,,,
precipitous,,,,
predestined,,,,
predicament,,,,
predilection,,,,
preempt,,,,
preface,,,,
prelude,,,,
premature,,,,
premonition,,,,
premonitory,,,,
preoccupation,,,,
prerogative,,,,
prescience,"shortsightedness, myopia",,,
preside,,,,
presume,,,,
pristine,,,,
privy,,,,
proclivity,,,,
procrastinate,,,,
procure,,,,
prodigy,,,,
profane,,,,
profligacy,,,,
profundity,,,,
progenitor,,,,
prognosticate,,,,
progress,retreat,,,
promenade,,,,
promise,,,,
propel,,,,
prophylactic,,,,
propinquity,,,,
proposition,,,,
prosaic,,,,
prosecute,,,,
prosletyze,,,,
protean,,,,
protract,curtail,,,
provenance,,,,
providential,,,,
proximate,,,,
prudent,,,,
prune,,,,
prying,,,,
pudgy,skinny,,,
puerile,,,,
pugilist,,,,
pulchritude,,,,
pullulate,,,,
pulsate,,,,
punctilious,,,,
pungent,,,,
purloin,,,,
pusillanimous,courageous,,,
putrid,,,,
quandary,,,,
quarantine,,,,
quest,,,,
quibble,,,,
quiddities,,,,
quietude,,commotion,,pandemonium
quintessential,,,,
quirk,,,,
,,,,
quiver,,,,
,,,,
quixotic,,,,
quizzical,,,,
quotidian,infrequent,,,
raconteur,,,,
raise,drop,,,
ravage,,,,
raiment,,,,
rampant,,,,
raucous,,,,
ravine,,,,
reassurance,,,,
recalcitrant,,,,
recast,,,,
recant,,,,
recapitulate,,,,
recidivism,,,,
reciprocate,,,,
recognise,,,,
reconcile,disharmonise,,,
rectitude,,immorality,,villainy
recumbent,,,,
redolent,,,,
redundant,,,,
refulgent,dark,,,
reiterate,,,,
rejig,,,,
reluctant,,,,
remote,nearby,,,
rendezvous,,,,
renege,,,,
reprisal,,,,
reproach,,,,
reprobate,,,,
reprove,,,,
repudiate,acknowledge,,,
repugnant,concordant,,,
resolute,,,,
resplendent,,,,
reticent,,,,
retinue,,,,
revamp,,,,
reverberate,,,,
revive,,,,
rife,,,,
rift,,,,
ripe,,,,
rise,,,,
rotunda,,,,
ruefully,,,,
rummage,,,,
rustle,,,,
ruthless,compassionate,,,
sabbatical,,,,
sabotage,,,,
sagacity,,,,
salacious,,,,
salubrious,,,,
salvo,,,,
sanctimonious,,,,
sangfroid,perturbation,,,
sanguine,doubtful,,,
sapience,,,,
sardine,,,,
saturnine,,,,
savour,,,,
scalded,,,,
scamper,,,,
scholastic,,,,
scourge,,,,
scuttle,,,,
seamless,,,,
searing,"frigid, arctic",,,
sedition,,,,
sedulous,,,,
seldom,,,,
self-effacing,,,,
senile,,,,
sensuous,,,,
serene,,,,
serpentine,,,,
servile,,,,
shallow,deep,,,
shambles,,,,
shibboleth,,,,
shortchange,,,,
shrill,,,,
shrink,,,,
shudder,,,,
shun,,,,
schadenfreude,,,,
shortfall,,,,
sick,,,,
siesta,,,,
sinister,,,,
sinuous,straight,,,
skimp,,,,
skive,,,,
skyscraper,,,,
slain,,,,
slouch,,,,
sly,,,,
slugfest,,,,
sluggish ,expeditious,,,
slumber,wakefulness,,,
smouldering,,,,
snap,,,,
snarl,,,,
soiree,,,,
solace,distress,,,
sole,nonexclusive,,,
solicit,,,,
solitude,,,,
sombre,bright,,,
somersault,,,,
sparing,profligate,,,
sparse,copious,,,
spearhead,,,,
spectre,,,,
splenetic,,,,
spontaneous,,,,
spooke,,,,
sprawling,,,,
spright,,,,
spurt,,,,
squabble,,,,
squalid,,,,
stagnate,,,,
stalemate,,,,
standpoint,,,,
stalwart,,,,
startle,,,,
statute,,,,
staunch,unfaithful,,,
steadfast,,,,
stereotype,,,,
stolid ,emotional,,,
stooge,,,,
stout,"delicate, tender, weak",,,
stowaway,,,,
stranded,,,,
stratagem,,,,
stratospheric,,,,
strenuous,,,,
strew,,,,
stupefy,,,,
stutter,,,,
stygian,illuminated,,,
suave,boorish,,,
substantiate,,,,
substratum,,,,
subterfuge,,,,
subvert,,,,
succinct,verbose,,,
succor,,,,
suffice,,,,
sulk,,,,
sully,,cleanse,,
summit,,,,
sundry,,,,
supplant,,,,
supplicant,,,,
surly,,,,
surmountable,,,,
surpass,,,,
surplus,deficit,,,
surreal,,,,
susceptible,,,,
swerve,straighten,,,
sweeping,,,,
symptomatic,,,,
synchronise,,,,
soliloquoy,,,,
soothing,,,,
soporific,,,,
stonewall,,,,
superficial,deep,profound,,
tacit,,explicit,,
taciturn,,,,
tamper,,,,
tangential,,,,
tantamount,,,,
tantrum,,,,
tardy,speeding,,,
tarnish,,,,
tawdry,,,,
taxing,effortless,,,
tchotchke,,,,
tedious,,,,
tedium,,,,
teeter,,,,
temerity,,,,
temperance,,,,
temporise,,,,
tempting,,,,
tenacious,,,,
tenebrous,illuminated,,,
tenuous,,,,
terminal,beginning,,,
testament ,,,,
tether ,,,,
textbook,,,,
threadbare,,,,
threshold,conclusion,,,
thrifty,profligate,,,
thrive,,,,
throe,,,,
thwart,encourage,,,
timid,bold,,,
titillate,,,,
torment,,,,
torpefy,,,,
torrential,,,,
touchstone,,,,
tout,,,,
traduce,,,,
tranquil,,,,
transgress,,,,
transient,perpetual,,,
transpire,,,,
trash,,,,
travail,,,,
traverse,,,,
travesty,,,,
treacherous,,,,
treason,,,,
treatise,,,,
trespass,,,,
trite,,,,
trivial ,substantial,,,
trounce,,,,
truant,,,,
truculent,,,,pacific
retaliate,pardon,,,
retreat ,advance,,,
strident,,,,
suffrage,,,,
sustenance,,,,
traction,,,,
trailblazer,,,,
transmogrify,,,,
trivial ,important,,,
troglodyte,,,,
turbulent,,,,
turncoat,,,,
turnstile,,,,
turpitude,,,,
tutelage,,,,
tyranny,,,,
ubiquitous,,,,
ulterior,,,,
ultra vires,,,,
ululate,,,,
umbrage,,,,
unabated,,,,
unassailable,,,,
unassuming,prententious,,,
unbecoming,,,,
uncanny,,,,
uncouth,genteel,,,
undermine,,,,
underpinning,,,,
underscore,,,,
unequivocally,,,,
unerring,falliable,,,
unflinching,,,,
unfazed,,,,
unflappable,,,,
unfold,,,,
unkempt,orderly,,,
unquestioning,,,,
unremitting,,,,
unruly,,,,
unscrupulous,,,,
unseemly,,approriate,,
unstinting,,,,parsimonious
unstrung,,,,
unsuspecting,,,,
untoward,favourable,,,
untrammeled,,,,
unyielding,,,,acquiescent
upbraid,,,,
uptight,,,,
usufruct,,,,
usurp,,,,
utterance,,,,
vacillate,,,,
vacuous,,full,,
vagabond,,immobile,,
vainglory,,modesty,,
valiant,,,,
valorous,,,,
vamoose,,arrive,,
vanguard,,,,
vanish,,,,
vanity,,modesty,,
vanquish,,,,
variegated,,monochromatic,,
vaunt,,,,
vehement,,,,
venal,,incorruptible,,
veneer,,interior,,
venerate,,,,
veracity,,,,
verbose,,,,succint
verdant,,,,barren
verdict,,,,
veritable,,,,
verity,,,,falsity
vermin,,,,
versatile,,,,
vestige,,,,
vicarious,,,,
vicissitude,,,,
vie,,,,
vilify,,,,
vilipend,,applaud,,exalt
vindicate,,rebut,,
virago,,,,
vital,,,,
vituperative,,,,
vivacious,,spiritless,,
vocation,,,,
volition,,,,
voluptuous,,,,
voracious,,indifferent,,
vulnerable,guarded,,,
wager,,,,
wail,rejoice,,,
wallow,,,,
wane,accumulate,burgeon,,
wanton,,compassionate,,
warp,,,,
wary,careless,,,
watershed,,,,
wayfarer,,,,
wayside,,,,
wean,,,,
welcome,,,,
wheedle,,,,
whet,,,,
whip,,,,
whirlwind,,,,
wide,slender,skinny,,
wimp,,,,
windfall,,,,
winsome,gloomy,,,
wishful,gloomy,,,
wistful,,,,
witch,,,,
wither,,,,
withold,allow,concede,,
withstand,,succumb,,capitulate
wretched,admirable,commendable,,
yardstick,,,,
yen,,,,
yokel,,,,
zeitgeist,,,,
zenith,,,,nadir
zest,,,,insipidity
